Kod;Nazwa;Rok;ogółem
000000000000;POLSKA OGÓŁEM;2005;102.1
000000000000;POLSKA OGÓŁEM;2006;101.0
000000000000;POLSKA OGÓŁEM;2007;102.5
000000000000;POLSKA OGÓŁEM;2008;104.2
000000000000;POLSKA OGÓŁEM;2009;103.5
000000000000;POLSKA OGÓŁEM;2010;102.6
000000000000;POLSKA OGÓŁEM;2011;104.3
000000000000;POLSKA OGÓŁEM;2012;103.7
000000000000;POLSKA OGÓŁEM;2013;100.9
000000000000;POLSKA OGÓŁEM;2014;100.0
000000000000;POLSKA OGÓŁEM;2015;99.1
000000000000;POLSKA OGÓŁEM;2016;99.4
000000000000;POLSKA OGÓŁEM;2017;102.0
000000000000;POLSKA OGÓŁEM;2018;101.6
000000000000;POLSKA OGÓŁEM;2019;102.3
000000000000;POLSKA OGÓŁEM;2020;103.4
000000000000;POLSKA OGÓŁEM;2021;105.1
000000000000;POLSKA OGÓŁEM;2022;114.4
000000000000;POLSKA OGÓŁEM;2023;111.4
000000000000;POLSKA OGÓŁEM;2024;103.6
000000000000;POLSKA OGÓŁEM;2025;103.6
011200000000;MAŁOPOLSKIE;2005;102.2
011200000000;MAŁOPOLSKIE;2006;101.1
011200000000;MAŁOPOLSKIE;2007;102.4
011200000000;MAŁOPOLSKIE;2008;104.3
011200000000;MAŁOPOLSKIE;2009;103.5
011200000000;MAŁOPOLSKIE;2010;102.6
011200000000;MAŁOPOLSKIE;2011;104.3
011200000000;MAŁOPOLSKIE;2012;103.6
011200000000;MAŁOPOLSKIE;2013;100.8
011200000000;MAŁOPOLSKIE;2014;99.9
011200000000;MAŁOPOLSKIE;2015;99.2
011200000000;MAŁOPOLSKIE;2016;99.6
011200000000;MAŁOPOLSKIE;2017;102.1
011200000000;MAŁOPOLSKIE;2018;102.2
011200000000;MAŁOPOLSKIE;2019;102.9
011200000000;MAŁOPOLSKIE;2020;104.3
011200000000;MAŁOPOLSKIE;2021;105.9
011200000000;MAŁOPOLSKIE;2022;114.9
011200000000;MAŁOPOLSKIE;2023;111.8
011200000000;MAŁOPOLSKIE;2024;104.2
011200000000;MAŁOPOLSKIE;2025;103.8
012400000000;ŚLĄSKIE;2005;101.7
012400000000;ŚLĄSKIE;2006;100.8
012400000000;ŚLĄSKIE;2007;102.2
012400000000;ŚLĄSKIE;2008;103.9
012400000000;ŚLĄSKIE;2009;103.9
012400000000;ŚLĄSKIE;2010;102.4
012400000000;ŚLĄSKIE;2011;103.7
012400000000;ŚLĄSKIE;2012;103.3
012400000000;ŚLĄSKIE;2013;100.8
012400000000;ŚLĄSKIE;2014;99.9
012400000000;ŚLĄSKIE;2015;98.8
012400000000;ŚLĄSKIE;2016;99.2
012400000000;ŚLĄSKIE;2017;101.9
012400000000;ŚLĄSKIE;2018;101.3
012400000000;ŚLĄSKIE;2019;101.9
012400000000;ŚLĄSKIE;2020;103.6
012400000000;ŚLĄSKIE;2021;105.0
012400000000;ŚLĄSKIE;2022;113.6
012400000000;ŚLĄSKIE;2023;111.3
012400000000;ŚLĄSKIE;2024;104.0
012400000000;ŚLĄSKIE;2025;103.8
020800000000;LUBUSKIE;2005;102.3
020800000000;LUBUSKIE;2006;101.1
020800000000;LUBUSKIE;2007;102.9
020800000000;LUBUSKIE;2008;104.2
020800000000;LUBUSKIE;2009;103.4
020800000000;LUBUSKIE;2010;102.8
020800000000;LUBUSKIE;2011;104.1
020800000000;LUBUSKIE;2012;103.8
020800000000;LUBUSKIE;2013;101.3
020800000000;LUBUSKIE;2014;100.5
020800000000;LUBUSKIE;2015;99.6
020800000000;LUBUSKIE;2016;99.8
020800000000;LUBUSKIE;2017;102.2
020800000000;LUBUSKIE;2018;102.0
020800000000;LUBUSKIE;2019;102.5
020800000000;LUBUSKIE;2020;103.0
020800000000;LUBUSKIE;2021;105.3
020800000000;LUBUSKIE;2022;113.6
020800000000;LUBUSKIE;2023;112.4
020800000000;LUBUSKIE;2024;104.4
020800000000;LUBUSKIE;2025;104.0
023000000000;WIELKOPOLSKIE;2005;102.1
023000000000;WIELKOPOLSKIE;2006;100.7
023000000000;WIELKOPOLSKIE;2007;102.4
023000000000;WIELKOPOLSKIE;2008;104.7
023000000000;WIELKOPOLSKIE;2009;103.6
023000000000;WIELKOPOLSKIE;2010;102.8
023000000000;WIELKOPOLSKIE;2011;104.7
023000000000;WIELKOPOLSKIE;2012;104.0
023000000000;WIELKOPOLSKIE;2013;101.1
023000000000;WIELKOPOLSKIE;2014;100.2
023000000000;WIELKOPOLSKIE;2015;98.9
023000000000;WIELKOPOLSKIE;2016;99.4
023000000000;WIELKOPOLSKIE;2017;102.3
023000000000;WIELKOPOLSKIE;2018;101.8
023000000000;WIELKOPOLSKIE;2019;102.6
023000000000;WIELKOPOLSKIE;2020;103.5
023000000000;WIELKOPOLSKIE;2021;105.3
023000000000;WIELKOPOLSKIE;2022;115.2
023000000000;WIELKOPOLSKIE;2023;111.6
023000000000;WIELKOPOLSKIE;2024;104.0
023000000000;WIELKOPOLSKIE;2025;103.7
023200000000;ZACHODNIOPOMORSKIE;2005;101.8
023200000000;ZACHODNIOPOMORSKIE;2006;100.9
023200000000;ZACHODNIOPOMORSKIE;2007;102.4
023200000000;ZACHODNIOPOMORSKIE;2008;104.2
023200000000;ZACHODNIOPOMORSKIE;2009;103.7
023200000000;ZACHODNIOPOMORSKIE;2010;102.7
023200000000;ZACHODNIOPOMORSKIE;2011;104.3
023200000000;ZACHODNIOPOMORSKIE;2012;103.7
023200000000;ZACHODNIOPOMORSKIE;2013;100.9
023200000000;ZACHODNIOPOMORSKIE;2014;100.3
023200000000;ZACHODNIOPOMORSKIE;2015;99.7
023200000000;ZACHODNIOPOMORSKIE;2016;99.1
023200000000;ZACHODNIOPOMORSKIE;2017;101.4
023200000000;ZACHODNIOPOMORSKIE;2018;101.4
023200000000;ZACHODNIOPOMORSKIE;2019;102.3
023200000000;ZACHODNIOPOMORSKIE;2020;103.6
023200000000;ZACHODNIOPOMORSKIE;2021;104.8
023200000000;ZACHODNIOPOMORSKIE;2022;113.1
023200000000;ZACHODNIOPOMORSKIE;2023;112.7
023200000000;ZACHODNIOPOMORSKIE;2024;103.8
023200000000;ZACHODNIOPOMORSKIE;2025;104.1
030200000000;DOLNOŚLĄSKIE;2005;102.2
030200000000;DOLNOŚLĄSKIE;2006;101.2
030200000000;DOLNOŚLĄSKIE;2007;102.8
030200000000;DOLNOŚLĄSKIE;2008;104.8
030200000000;DOLNOŚLĄSKIE;2009;104.0
030200000000;DOLNOŚLĄSKIE;2010;102.9
030200000000;DOLNOŚLĄSKIE;2011;104.6
030200000000;DOLNOŚLĄSKIE;2012;103.7
030200000000;DOLNOŚLĄSKIE;2013;100.9
030200000000;DOLNOŚLĄSKIE;2014;100.0
030200000000;DOLNOŚLĄSKIE;2015;99.2
030200000000;DOLNOŚLĄSKIE;2016;99.3
030200000000;DOLNOŚLĄSKIE;2017;101.9
030200000000;DOLNOŚLĄSKIE;2018;101.2
030200000000;DOLNOŚLĄSKIE;2019;102.1
030200000000;DOLNOŚLĄSKIE;2020;103.1
030200000000;DOLNOŚLĄSKIE;2021;104.6
030200000000;DOLNOŚLĄSKIE;2022;113.4
030200000000;DOLNOŚLĄSKIE;2023;110.7
030200000000;DOLNOŚLĄSKIE;2024;103.3
030200000000;DOLNOŚLĄSKIE;2025;103.3
031600000000;OPOLSKIE;2005;102.2
031600000000;OPOLSKIE;2006;101.2
031600000000;OPOLSKIE;2007;102.6
031600000000;OPOLSKIE;2008;104.4
031600000000;OPOLSKIE;2009;103.5
031600000000;OPOLSKIE;2010;102.8
031600000000;OPOLSKIE;2011;104.4
031600000000;OPOLSKIE;2012;103.7
031600000000;OPOLSKIE;2013;100.7
031600000000;OPOLSKIE;2014;99.7
031600000000;OPOLSKIE;2015;98.9
031600000000;OPOLSKIE;2016;99.4
031600000000;OPOLSKIE;2017;102.2
031600000000;OPOLSKIE;2018;101.7
031600000000;OPOLSKIE;2019;102.3
031600000000;OPOLSKIE;2020;103.1
031600000000;OPOLSKIE;2021;105.2
031600000000;OPOLSKIE;2022;115.8
031600000000;OPOLSKIE;2023;110.2
031600000000;OPOLSKIE;2024;102.8
031600000000;OPOLSKIE;2025;103.9
040400000000;KUJAWSKO-POMORSKIE;2005;102.0
040400000000;KUJAWSKO-POMORSKIE;2006;100.9
040400000000;KUJAWSKO-POMORSKIE;2007;102.3
040400000000;KUJAWSKO-POMORSKIE;2008;104.4
040400000000;KUJAWSKO-POMORSKIE;2009;103.3
040400000000;KUJAWSKO-POMORSKIE;2010;102.6
040400000000;KUJAWSKO-POMORSKIE;2011;104.6
040400000000;KUJAWSKO-POMORSKIE;2012;103.7
040400000000;KUJAWSKO-POMORSKIE;2013;101.1
040400000000;KUJAWSKO-POMORSKIE;2014;99.8
040400000000;KUJAWSKO-POMORSKIE;2015;99.1
040400000000;KUJAWSKO-POMORSKIE;2016;99.5
040400000000;KUJAWSKO-POMORSKIE;2017;102.0
040400000000;KUJAWSKO-POMORSKIE;2018;101.6
040400000000;KUJAWSKO-POMORSKIE;2019;102.3
040400000000;KUJAWSKO-POMORSKIE;2020;103.6
040400000000;KUJAWSKO-POMORSKIE;2021;105.1
040400000000;KUJAWSKO-POMORSKIE;2022;115.6
040400000000;KUJAWSKO-POMORSKIE;2023;110.8
040400000000;KUJAWSKO-POMORSKIE;2024;103.6
040400000000;KUJAWSKO-POMORSKIE;2025;104.0
042200000000;POMORSKIE;2005;101.7
042200000000;POMORSKIE;2006;100.7
042200000000;POMORSKIE;2007;102.3
042200000000;POMORSKIE;2008;103.9
042200000000;POMORSKIE;2009;102.4
042200000000;POMORSKIE;2010;102.6
042200000000;POMORSKIE;2011;104.1
042200000000;POMORSKIE;2012;103.4
042200000000;POMORSKIE;2013;100.9
042200000000;POMORSKIE;2014;99.9
042200000000;POMORSKIE;2015;99.2
042200000000;POMORSKIE;2016;99.7
042200000000;POMORSKIE;2017;102.1
042200000000;POMORSKIE;2018;101.9
042200000000;POMORSKIE;2019;101.9
042200000000;POMORSKIE;2020;103.4
042200000000;POMORSKIE;2021;104.9
042200000000;POMORSKIE;2022;113.9
042200000000;POMORSKIE;2023;111.5
042200000000;POMORSKIE;2024;103.8
042200000000;POMORSKIE;2025;103.8
042800000000;WARMIŃSKO-MAZURSKIE;2005;102.2
042800000000;WARMIŃSKO-MAZURSKIE;2006;100.6
042800000000;WARMIŃSKO-MAZURSKIE;2007;102.3
042800000000;WARMIŃSKO-MAZURSKIE;2008;104.3
042800000000;WARMIŃSKO-MAZURSKIE;2009;103.3
042800000000;WARMIŃSKO-MAZURSKIE;2010;103.1
042800000000;WARMIŃSKO-MAZURSKIE;2011;104.6
042800000000;WARMIŃSKO-MAZURSKIE;2012;104.1
042800000000;WARMIŃSKO-MAZURSKIE;2013;100.9
042800000000;WARMIŃSKO-MAZURSKIE;2014;99.9
042800000000;WARMIŃSKO-MAZURSKIE;2015;99.2
042800000000;WARMIŃSKO-MAZURSKIE;2016;99.5
042800000000;WARMIŃSKO-MAZURSKIE;2017;101.6
042800000000;WARMIŃSKO-MAZURSKIE;2018;101.5
042800000000;WARMIŃSKO-MAZURSKIE;2019;102.6
042800000000;WARMIŃSKO-MAZURSKIE;2020;103.6
042800000000;WARMIŃSKO-MAZURSKIE;2021;105.3
042800000000;WARMIŃSKO-MAZURSKIE;2022;113.9
042800000000;WARMIŃSKO-MAZURSKIE;2023;111.5
042800000000;WARMIŃSKO-MAZURSKIE;2024;102.9
042800000000;WARMIŃSKO-MAZURSKIE;2025;103.4
051000000000;ŁÓDZKIE;2005;102.0
051000000000;ŁÓDZKIE;2006;101.2
051000000000;ŁÓDZKIE;2007;102.8
051000000000;ŁÓDZKIE;2008;104.1
051000000000;ŁÓDZKIE;2009;103.5
051000000000;ŁÓDZKIE;2010;102.8
051000000000;ŁÓDZKIE;2011;104.4
051000000000;ŁÓDZKIE;2012;103.8
051000000000;ŁÓDZKIE;2013;100.8
051000000000;ŁÓDZKIE;2014;99.5
051000000000;ŁÓDZKIE;2015;98.8
051000000000;ŁÓDZKIE;2016;99.4
051000000000;ŁÓDZKIE;2017;102.1
051000000000;ŁÓDZKIE;2018;101.5
051000000000;ŁÓDZKIE;2019;102.6
051000000000;ŁÓDZKIE;2020;103.6
051000000000;ŁÓDZKIE;2021;105.5
051000000000;ŁÓDZKIE;2022;116.1
051000000000;ŁÓDZKIE;2023;110.7
051000000000;ŁÓDZKIE;2024;103.0
051000000000;ŁÓDZKIE;2025;103.3
052600000000;ŚWIĘTOKRZYSKIE;2005;102.4
052600000000;ŚWIĘTOKRZYSKIE;2006;101.1
052600000000;ŚWIĘTOKRZYSKIE;2007;102.7
052600000000;ŚWIĘTOKRZYSKIE;2008;104.5
052600000000;ŚWIĘTOKRZYSKIE;2009;103.8
052600000000;ŚWIĘTOKRZYSKIE;2010;102.6
052600000000;ŚWIĘTOKRZYSKIE;2011;104.7
052600000000;ŚWIĘTOKRZYSKIE;2012;104.0
052600000000;ŚWIĘTOKRZYSKIE;2013;100.8
052600000000;ŚWIĘTOKRZYSKIE;2014;99.7
052600000000;ŚWIĘTOKRZYSKIE;2015;98.3
052600000000;ŚWIĘTOKRZYSKIE;2016;99.4
052600000000;ŚWIĘTOKRZYSKIE;2017;102.2
052600000000;ŚWIĘTOKRZYSKIE;2018;101.9
052600000000;ŚWIĘTOKRZYSKIE;2019;102.5
052600000000;ŚWIĘTOKRZYSKIE;2020;103.5
052600000000;ŚWIĘTOKRZYSKIE;2021;105.5
052600000000;ŚWIĘTOKRZYSKIE;2022;115.7
052600000000;ŚWIĘTOKRZYSKIE;2023;110.5
052600000000;ŚWIĘTOKRZYSKIE;2024;102.9
052600000000;ŚWIĘTOKRZYSKIE;2025;103.2
060600000000;LUBELSKIE;2005;102.0
060600000000;LUBELSKIE;2006;100.8
060600000000;LUBELSKIE;2007;102.3
060600000000;LUBELSKIE;2008;104.1
060600000000;LUBELSKIE;2009;103.3
060600000000;LUBELSKIE;2010;101.8
060600000000;LUBELSKIE;2011;104.0
060600000000;LUBELSKIE;2012;103.8
060600000000;LUBELSKIE;2013;100.7
060600000000;LUBELSKIE;2014;100.0
060600000000;LUBELSKIE;2015;98.8
060600000000;LUBELSKIE;2016;99.1
060600000000;LUBELSKIE;2017;102.2
060600000000;LUBELSKIE;2018;101.4
060600000000;LUBELSKIE;2019;102.3
060600000000;LUBELSKIE;2020;102.8
060600000000;LUBELSKIE;2021;104.8
060600000000;LUBELSKIE;2022;115.0
060600000000;LUBELSKIE;2023;110.7
060600000000;LUBELSKIE;2024;102.8
060600000000;LUBELSKIE;2025;103.2
061800000000;PODKARPACKIE;2005;102.3
061800000000;PODKARPACKIE;2006;101.3
061800000000;PODKARPACKIE;2007;102.7
061800000000;PODKARPACKIE;2008;104.4
061800000000;PODKARPACKIE;2009;103.9
061800000000;PODKARPACKIE;2010;103.2
061800000000;PODKARPACKIE;2011;104.9
061800000000;PODKARPACKIE;2012;104.1
061800000000;PODKARPACKIE;2013;100.7
061800000000;PODKARPACKIE;2014;100.2
061800000000;PODKARPACKIE;2015;98.9
061800000000;PODKARPACKIE;2016;99.1
061800000000;PODKARPACKIE;2017;102.1
061800000000;PODKARPACKIE;2018;101.6
061800000000;PODKARPACKIE;2019;102.3
061800000000;PODKARPACKIE;2020;103.2
061800000000;PODKARPACKIE;2021;104.6
061800000000;PODKARPACKIE;2022;113.6
061800000000;PODKARPACKIE;2023;111.5
061800000000;PODKARPACKIE;2024;104.0
061800000000;PODKARPACKIE;2025;104.2
062000000000;PODLASKIE;2005;102.0
062000000000;PODLASKIE;2006;100.9
062000000000;PODLASKIE;2007;102.3
062000000000;PODLASKIE;2008;104.3
062000000000;PODLASKIE;2009;103.2
062000000000;PODLASKIE;2010;102.3
062000000000;PODLASKIE;2011;104.5
062000000000;PODLASKIE;2012;103.7
062000000000;PODLASKIE;2013;100.6
062000000000;PODLASKIE;2014;99.7
062000000000;PODLASKIE;2015;98.7
062000000000;PODLASKIE;2016;99.0
062000000000;PODLASKIE;2017;102.1
062000000000;PODLASKIE;2018;101.4
062000000000;PODLASKIE;2019;102.4
062000000000;PODLASKIE;2020;103.0
062000000000;PODLASKIE;2021;105.0
062000000000;PODLASKIE;2022;114.1
062000000000;PODLASKIE;2023;110.8
062000000000;PODLASKIE;2024;103.3
062000000000;PODLASKIE;2025;103.4
071400000000;MAZOWIECKIE;2005;102.1
071400000000;MAZOWIECKIE;2006;101.1
071400000000;MAZOWIECKIE;2007;102.2
071400000000;MAZOWIECKIE;2008;103.9
071400000000;MAZOWIECKIE;2009;103.4
071400000000;MAZOWIECKIE;2010;102.4
071400000000;MAZOWIECKIE;2011;103.7
071400000000;MAZOWIECKIE;2012;103.5
071400000000;MAZOWIECKIE;2013;100.8
071400000000;MAZOWIECKIE;2014;100.0
071400000000;MAZOWIECKIE;2015;99.1
071400000000;MAZOWIECKIE;2016;99.5
071400000000;MAZOWIECKIE;2017;101.9
071400000000;MAZOWIECKIE;2018;101.6
071400000000;MAZOWIECKIE;2019;102.2
071400000000;MAZOWIECKIE;2020;103.3
071400000000;MAZOWIECKIE;2021;104.9
071400000000;MAZOWIECKIE;2022;113.5
071400000000;MAZOWIECKIE;2023;111.9
071400000000;MAZOWIECKIE;2024;103.8
071400000000;MAZOWIECKIE;2025;103.3
